epoch,train_loss,seconds,val_loss
1,0.44551652226684674,11.431761700019706,0.23804795916258872
2,0.23593115323790786,8.016767200024333,0.23634751480686111
3,0.2340434462837685,6.7843359999824315,0.23330000416534968
4,0.2330535919020619,6.782314399955794,0.23310578121484568
5,0.23580814657516,6.75252050004201,0.23194303170411476
6,0.2320750100242652,6.786994699970819,0.23225323530812406
7,0.232120363222628,6.885868399986066,0.2322238130530007
8,0.23202282747203018,6.8636636000010185,0.2314939783631547
9,0.23163188062768544,6.8521736999973655,0.23170219708062353
10,0.23158667967228716,6.77360369998496,0.23132284558873922
