step,train_loss,seconds
1,3.528136730194092,0.5623916999902576
2,3.1830031871795654,0.011939599993638694
3,2.8726541996002197,0.010020699992310256
4,2.605001211166382,0.010128499998245388
5,2.3900208473205566,0.010321700014173985
6,2.22491192817688,0.009216699982061982
7,2.080655813217163,0.009819599974434823
8,1.9407978057861328,0.009901400015223771
9,1.8062846660614014,0.009936799993738532
10,1.6833183765411377,0.00997559999814257
11,1.5738593339920044,0.00928519997978583
12,1.474848747253418,0.009312100009992719
13,1.3822861909866333,0.010228600003756583
14,1.2939097881317139,0.010023299953900278
15,1.209275484085083,0.010203000041656196
16,1.1288206577301025,0.010607900039758533
17,1.0532623529434204,0.011139699956402183
18,0.9835711717605591,0.01079790003132075
19,0.9203628301620483,0.011588900000788271
20,0.8627595901489258,0.013014200027100742
21,0.8094741106033325,0.011099099996499717
22,0.7603269815444946,0.00996529997792095
23,0.7146389484405518,0.011570400034543127
24,0.6700693964958191,0.01138630002969876
25,0.6268509030342102,0.011393299966584891
26,0.5868342518806458,0.010848500009160489
27,0.5494924187660217,0.010359599953517318
28,0.5140950679779053,0.013041300000622869
29,0.4799869656562805,0.011066000035498291
30,0.44715437293052673,0.01063340000109747
31,0.4169756770133972,0.010354200028814375
32,0.3892729580402374,0.012507000006735325
33,0.36334118247032166,0.010414800024591386
34,0.3392198979854584,0.009971299965400249
35,0.3169232904911041,0.009619600023142993
36,0.2961627244949341,0.010478099982719868
37,0.2766391336917877,0.009827599977143109
38,0.2594246566295624,0.008947100024670362
39,0.2452789545059204,0.009347899991553277
40,0.22906261682510376,0.010204899997916073
41,0.21301314234733582,0.009989399986807257
42,0.20208998024463654,0.008901800028979778
43,0.18887656927108765,0.009187099989503622
44,0.1785609871149063,0.009314000024460256
45,0.16853486001491547,0.009201400040183216
46,0.15966257452964783,0.009038900025188923
47,0.15268544852733612,0.008648799965158105
48,0.145460307598114,0.00980090000666678
49,0.13942207396030426,0.01006150001194328
50,0.13413353264331818,0.01015350001398474
51,0.13127201795578003,0.01070770004298538
52,0.14392733573913574,0.010372299992013723
53,0.12334362417459488,0.01089279999723658
54,0.12468224763870239,0.009761799999978393
55,0.12347456812858582,0.01061409997055307
56,0.11449426412582397,0.009379900002386421
57,0.11905087530612946,0.01024959998903796
58,0.10842922329902649,0.010114700009580702
59,0.1135430857539177,0.009652799984905869
60,0.1044384241104126,0.009968400001525879
61,0.10643281042575836,0.009629499982111156
62,0.1005910336971283,0.009652300039306283
63,0.10107693821191788,0.010679099999833852
64,0.09558168798685074,0.01108530000783503
65,0.09577252715826035,0.010841800016351044
66,0.09093834459781647,0.011167399992700666
67,0.09034060686826706,0.01066149998223409
68,0.08451595157384872,0.011813799967058003
69,0.08384642004966736,0.011989199963863939
70,0.07913312315940857,0.009670900006312877
71,0.07794474810361862,0.010257999994792044
72,0.07391252368688583,0.010123300016857684
73,0.07047148048877716,0.00984080001944676
74,0.06903402507305145,0.009950099978595972
75,0.06511636078357697,0.009857000026386231
76,0.06419315934181213,0.00988680002046749
77,0.060867924243211746,0.009897899988573045
78,0.058317843824625015,0.009872700029518455
79,0.0567120723426342,0.00997269997606054
80,0.05392152816057205,0.009822399995755404
81,0.05193488299846649,0.009845399996265769
82,0.04937379062175751,0.009868599998299032
83,0.04584147408604622,0.010086999973282218
84,0.04362192749977112,0.010322000016458333
85,0.04112010449171066,0.010026899981312454
86,0.03883184865117073,0.010089299990795553
87,0.035828616470098495,0.01044980000006035
88,0.03299621865153313,0.0105238999822177
89,0.029941825196146965,0.010203999991063029
90,0.02677251398563385,0.009307900036219507
91,0.02427750825881958,0.009722899994812906
92,0.02224128320813179,0.010150599991902709
93,0.020349973812699318,0.009888500033412129
94,0.018777748569846153,0.009626700018998235
95,0.017389830201864243,0.009724700008518994
96,0.01604771800339222,0.009733500017318875
97,0.01475564856082201,0.009782199980691075
98,0.01334452722221613,0.009643100027460605
99,0.01206270046532154,0.009881099977064878
100,0.013276909478008747,0.009736299980431795
101,0.03746520355343819,0.010956799960695207
102,0.02767879329621792,0.009894400020129979
103,0.03213990107178688,0.009665400022640824
104,0.02593693695962429,0.009629899985156953
105,0.02521652728319168,0.010188599990215153
106,0.026407385244965553,0.009647900005802512
107,0.014575045555830002,0.009755200007930398
108,0.012118840590119362,0.009604600025340915
109,0.026625338941812515,0.010214499954599887
110,0.015389040112495422,0.01010600000154227
111,0.013775310479104519,0.00977130001410842
112,0.010502859950065613,0.01235799997812137
113,0.010576805099844933,0.009552600036840886
114,0.01149152871221304,0.01043779996689409
115,0.0098982909694314,0.01182020001579076
116,0.008819534443318844,0.009866999986115843
117,0.008389335125684738,0.00976970000192523
118,0.00801062025129795,0.009742100024595857
119,0.007771398406475782,0.01012230000924319
120,0.007388961501419544,0.009952799999155104
121,0.0068298340775072575,0.009698699985165149
122,0.006628932431340218,0.00956959999166429
123,0.006430733948945999,0.009623299993108958
124,0.006069499999284744,0.009959699993487448
125,0.005793479736894369,0.009862600010819733
126,0.005619185045361519,0.009310800000093877
127,0.005458098370581865,0.011434299987740815
128,0.005212839227169752,0.010000600013881922
129,0.004995252471417189,0.010236700007226318
130,0.004824456758797169,0.009655100002419204
131,0.004657857585698366,0.009754500002600253
132,0.004487665370106697,0.009410200000274926
133,0.004331838805228472,0.010192899964749813
134,0.0042074015364050865,0.009850600035861135
135,0.004110823385417461,0.009702599956654012
136,0.004014685750007629,0.009761900000739843
137,0.0039050979539752007,0.009282599959988147
138,0.0038019027560949326,0.009661299991421402
139,0.0037164490204304457,0.010450600006151944
140,0.003639968577772379,0.012803799996618181
141,0.0035627451725304127,0.010429700021632016
142,0.0034832863602787256,0.01065870001912117
143,0.0034059626050293446,0.01086320000467822
144,0.0033356635831296444,0.011860899976454675
145,0.003274067072197795,0.01051799999549985
146,0.0032188405748456717,0.010715199983678758
147,0.0031655924394726753,0.010924900008831173
148,0.0031122148502618074,0.010026199975982308
149,0.0030603681225329638,0.01045419997535646
150,0.003012193599715829,0.01046159997349605
151,0.002967816311866045,0.010733899951446801
152,0.002925796899944544,0.01334490004228428
153,0.002884688088670373,0.010693999996874481
154,0.0028439557645469904,0.010701299994252622
155,0.0028039938770234585,0.009479900007136166
156,0.00276564946398139,0.009924800018779933
157,0.002729500876739621,0.010152300004847348
158,0.002695525996387005,0.010033199971076101
159,0.002663195366039872,0.01008229999570176
160,0.0026317399460822344,0.010133599978871644
161,0.002600740408524871,0.010118200036231428
162,0.0025701860431581736,0.010444499959703535
163,0.002540402580052614,0.010956300015095621
164,0.0025117036420851946,0.009957499976735562
165,0.002484175143763423,0.009920199983753264
166,0.0024576785508543253,0.010362800036091357
167,0.002431972650811076,0.010754200047813356
168,0.0024068302009254694,0.010791499982587993
169,0.002382171107456088,0.011349299980793148
170,0.002358032623305917,0.011655399983283132
171,0.0023344899527728558,0.011459200002718717
172,0.0023116141092032194,0.010579900001175702
173,0.0022893513087183237,0.011550399998668581
174,0.002267637522891164,0.011433299980126321
175,0.0022463637869805098,0.01186159998178482
176,0.002225469099357724,0.01145440002437681
177,0.0022049639374017715,0.010774600028526038
178,0.002184884389862418,0.011484499962534755
179,0.002165277488529682,0.011351299996022135
180,0.0021461520809680223,0.010178399970754981
181,0.002127469750121236,0.01245280000148341
182,0.00210917298682034,0.011126299970783293
183,0.0020912049803882837,0.011057900032028556
184,0.0020735289435833693,0.011065599974244833
185,0.0020561267156153917,0.01227800000924617
186,0.0020390262361615896,0.01087649998953566
187,0.0020222216844558716,0.01122919999761507
188,0.0020057419314980507,0.012006399978417903
189,0.0019895511213690042,0.011846499983221292
190,0.0019736329559236765,0.011353300011251122
191,0.001957980217412114,0.011234600038733333
192,0.0019425704376772046,0.010579599998891354
193,0.0019273945363238454,0.01109000004362315
194,0.0019124584505334496,0.01022749999538064
195,0.001897762413136661,0.010721299971919507
196,0.0018832948990166187,0.009971000021323562
197,0.0018690461292862892,0.009419400012120605
198,0.0018550280947238207,0.010862499999348074
199,0.001841202494688332,0.010586199990939349
200,0.0018275687471032143,0.011859700025524944
201,0.0018141309265047312,0.011220299988053739
202,0.0018008778570219874,0.010933899960946292
203,0.0017878211801871657,0.010929100040812045
204,0.0017749435501173139,0.011339300021063536
205,0.0017622526502236724,0.011341199977323413
206,0.001749732531607151,0.010939100000541657
207,0.0017373735317960382,0.010970700008329004
208,0.0017251829849556088,0.01111200003651902
209,0.001713143428787589,0.01122919999761507
210,0.0017012545140460134,0.011115800007246435
211,0.0016895289300009608,0.010939900006633252
212,0.0016779460711404681,0.011009000008925796
213,0.001666518859565258,0.011388799990527332
214,0.001655230182223022,0.010834100015927106
215,0.0016440806211903691,0.010673100012354553
216,0.0016330752987414598,0.011076900002080947
217,0.0016222078120335937,0.011197700048796833
218,0.0016114695463329554,0.011330600013025105
219,0.0016008727252483368,0.010933799960184842
220,0.001590380328707397,0.01123659999575466
221,0.0015800235560163856,0.011541199986822903
222,0.0015697970520704985,0.011328799999319017
223,0.0015596809098497033,0.011427400051616132
224,0.0015496853739023209,0.010064400034025311
225,0.0015398040413856506,0.009508100047241896
226,0.0015300384256988764,0.009981899987906218
227,0.0015203806106001139,0.010163199971430004
228,0.0015108350198715925,0.011988800019025803
229,0.0015013865195214748,0.011118799971882254
230,0.0014920467510819435,0.010926200018730015
231,0.0014828272396698594,0.012134099961258471
232,0.0014736851444467902,0.010509999992791563
233,0.0014646531781181693,0.010182300000451505
234,0.0014557226095348597,0.01020229997811839
235,0.0014468786539509892,0.011123000003863126
236,0.0014381363289430737,0.010746199986897409
237,0.001429484342224896,0.010569400037638843
238,0.0014209240907803178,0.009659900038968772
239,0.0014124595327302814,0.01040229998761788
240,0.0014040837995707989,0.010671800002455711
241,0.001395781640894711,0.011251100047957152
242,0.0013875763397663832,0.011909599998034537
243,0.0013794559054076672,0.011431500024627894
244,0.0013714240631088614,0.013100999989546835
245,0.0013634591596201062,0.010927699971944094
246,0.0013555818004533648,0.010670999996364117
247,0.0013477867469191551,0.010465700004715472
248,0.001340072019957006,0.010676100035198033
249,0.0013324350584298372,0.010257800051476806
250,0.0013248615432530642,0.011114799999631941
251,0.001317374873906374,0.01187520002713427
252,0.0013099558418616652,0.01049280003644526
253,0.0013026108499616385,0.010860799986403435
254,0.0012953354744240642,0.010797399969305843
255,0.0012881328584626317,0.012977600039448589
256,0.0012809992767870426,0.010200300021097064
257,0.0012739348458126187,0.010961799998767674
258,0.001266922103241086,0.011050399974919856
259,0.0012600002810359001,0.01148829999146983
260,0.0012531287502497435,0.012099099985789508
261,0.0012463306775316596,0.010830899991560727
262,0.001239592907950282,0.010987200017552823
263,0.0012329132296144962,0.01221000001532957
264,0.0012263059616088867,0.012387300026603043
265,0.0012197468895465136,0.012050800025463104
266,0.001213254639878869,0.010933599958661944
267,0.0012068181531503797,0.013906899956054986
268,0.0012004435993731022,0.013850999996066093
269,0.0011941258562728763,0.013438399997539818
270,0.0011878566583618522,0.012002000003121793
271,0.0011816545156762004,0.012130399991292506
272,0.0011754992883652449,0.011429300007876009
273,0.0011694125132635236,0.012736699951346964
274,0.0011633618269115686,0.013369799999054521
275,0.0011573706287890673,0.01576590002514422
276,0.0011514355428516865,0.01264999998966232
277,0.0011455485364422202,0.013355500006582588
278,0.0011397263733670115,0.014406200032681227
279,0.0011339331977069378,0.012664099980611354
280,0.0011281988117843866,0.011112499982118607
281,0.0011225122725591063,0.010022900009062141
282,0.0011168747441843152,0.010214500012807548
283,0.0011112892534583807,0.010390300012659281
284,0.0011057427618652582,0.009978799964301288
285,0.0011002568062394857,0.009240600047633052
286,0.0010947983246296644,0.010046900017187
287,0.0010893995640799403,0.01089129998581484
288,0.0010840387549251318,0.010192399960942566
289,0.0010787235805764794,0.01060089998645708
290,0.0010734589304775,0.010543900018092245
291,0.0010682340944185853,0.010460299963597208
292,0.0010630496544763446,0.009933800029102713
293,0.0010579025838524103,0.010209499974735081
294,0.001052801962941885,0.009916200011502951
295,0.0010477418545633554,0.009254799981135875
296,0.0010427309898659587,0.009316799987573177
297,0.0010377542348578572,0.011065600032452494
298,0.0010328127536922693,0.010202799981925637
299,0.0010279088746756315,0.009672799962572753
300,0.0010230510961264372,0.009336700022686273
301,0.0010182298719882965,0.012967600021511316
302,0.0010134464828297496,0.011480299988761544
303,0.0010087008122354746,0.010168100008741021
304,0.0010039935586974025,0.0102957000490278
305,0.0009993229759857059,0.011111700034234673
306,0.000994692207314074,0.009536599973216653
307,0.0009900949662551284,0.010828100028447807
308,0.0009855261305347085,0.010286499978974462
309,0.0009810079354792833,0.010426699998788536
310,0.000976513372734189,0.010560300026554614
311,0.0009720573434606194,0.010096000041812658
312,0.0009676241897977889,0.010071100026834756
313,0.0009632386500015855,0.010267100005876273
314,0.0009588823886588216,0.01037709997035563
315,0.0009545535431243479,0.010541900002863258
316,0.0009502614848315716,0.010408599977381527
317,0.0009460049914196134,0.010619700013194233
318,0.0009417825494892895,0.010684499982744455
319,0.0009375876397825778,0.010708799993153661
320,0.0009334120550192893,0.010130100010428578
321,0.0009292912436649203,0.011038700002245605
322,0.0009251832962036133,0.011298199999146163
323,0.0009211074793711305,0.011133599968161434
324,0.0009170676930807531,0.011319600045681
325,0.0009130477556027472,0.010544400021899492
326,0.0009090669336728752,0.010381800006143749
327,0.0009051108499988914,0.010318400047253817
328,0.0009011828806251287,0.01059499999973923
329,0.0008972841897048056,0.01103049999801442
330,0.0008934097713790834,0.010608899989165366
331,0.000889571150764823,0.010848000005353242
332,0.0008857543580234051,0.010601599991787225
333,0.00088196259457618,0.01054449996445328
334,0.0008781993528828025,0.012356400024145842
335,0.0008744673687033355,0.011483500013127923
336,0.0008707562228664756,0.011410699982661754
337,0.0008670719689689577,0.010118799982592463
338,0.00086341513087973,0.011275700002443045
339,0.0008597840205766261,0.014432099997065961
340,0.0008561768918298185,0.01154780003707856
341,0.0008526009041815996,0.009950700041372329
342,0.0008490403415635228,0.010716199991293252
343,0.0008455089991912246,0.012552999949548393
344,0.0008420018129982054,0.011573800002224743
345,0.0008385208202525973,0.012293300009332597
346,0.0008350502466782928,0.012633799982722849
347,0.0008316177409142256,0.010699799982830882
348,0.0008282104390673339,0.011471600038930774
349,0.0008248149533756077,0.010797299968544394
350,0.0008214486297219992,0.012818299990613014
351,0.0008181023295037448,0.011571599985472858
352,0.0008147805347107351,0.011107800004538149
353,0.0008114802185446024,0.011047000007238239
354,0.0008082034764811397,0.010511100001167506
355,0.0008049511234275997,0.011068299994803965
356,0.0008017122745513916,0.010835599969141185
357,0.0007984975236468017,0.012312800041399896
358,0.000795304833445698,0.01106620003702119
359,0.00079213862773031,0.010073200042825192
360,0.000788987847045064,0.011695199995301664
361,0.0007858541212044656,0.012536900001578033
362,0.0007827462977729738,0.010285200027283281
363,0.000779655878432095,0.01068829995347187
364,0.0007765935733914375,0.01066159998299554
365,0.0007735340623185039,0.012341000023297966
366,0.0007705087191425264,0.012618399981874973
367,0.000767504156101495,0.012038799992296845
368,0.0007645117584615946,0.010583599971141666
369,0.0007615328067913651,0.010421500017400831
370,0.0007585778366774321,0.01277000003028661
371,0.0007556530763395131,0.011615400027949363
372,0.0007527410634793341,0.01146169996354729
373,0.000749837257899344,0.011553200019989163
374,0.0007469513802789152,0.013431200000923127
375,0.0007440880290232599,0.011992899992037565
376,0.0007412538398057222,0.010974699980579317
377,0.0007384245982393622,0.011320499994326383
378,0.0007356230053119361,0.011152699997182935
379,0.000732832180801779,0.01017409999622032
380,0.0007300588767975569,0.01086889998987317
381,0.0007272989605553448,0.01143950002733618
382,0.0007245613960549235,0.012159800040535629
383,0.0007218417595140636,0.01100990001577884
384,0.0007191395270638168,0.011864300002343953
385,0.0007164572598412633,0.011316100019030273
386,0.0007137794746086001,0.010600499983411282
387,0.0007111230515874922,0.011458499997388572
388,0.0007084802491590381,0.010807799990288913
389,0.0007058518240228295,0.010718800011090934
390,0.000703250989317894,0.010547899990342557
391,0.0007006615633144975,0.010568499972578138
392,0.0006980811012908816,0.009985000011511147
393,0.0006955178687348962,0.010357200051657856
394,0.0006929718656465411,0.012327200034633279
395,0.0006904409383423626,0.010960399988107383
396,0.0006879264838062227,0.012942099943757057
397,0.0006854218663647771,0.011416999972425401
398,0.0006829455960541964,0.011585499974898994
399,0.0006804714212194085,0.010607500036712736
400,0.0006780122057534754,0.010675800032913685
401,0.0006755733047612011,0.010787800012622029
402,0.0006731436587870121,0.010536099958699197
403,0.0006707279244437814,0.009981799987144768
404,0.0006683229003101587,0.009839500009547919
405,0.0006659455830231309,0.00945280003361404
406,0.0006635698955506086,0.009995899978093803
407,0.0006612137076444924,0.009931800013873726
408,0.000658869743347168,0.009543999971356243
409,0.0006565378280356526,0.00988100003451109
410,0.0006542194169014692,0.009198199957609177
411,0.000651910959277302,0.009770900011062622
412,0.000649627938400954,0.010139300022274256
413,0.0006473478279076517,0.009771599958185107
414,0.0006450798828154802,0.009514700039289892
415,0.0006428301567211747,0.010237199952825904
416,0.0006405833410099149,0.009909400017932057
417,0.0006383618456311524,0.009107100020628422
418,0.0006361494888551533,0.01020819996483624
419,0.0006339456303976476,0.009879600023850799
420,0.0006317570223473012,0.010316599975340068
421,0.0006295719067566097,0.010292100021615624
422,0.0006274133920669556,0.010519800009205937
423,0.0006252613966353238,0.010303400049451739
424,0.0006231186562217772,0.010176899959333241
425,0.000620989827439189,0.008924900030251592
426,0.0006188676343299448,0.009559499972965568
427,0.0006167644169181585,0.011884899984579533
428,0.000614674761891365,0.008744799997657537
429,0.0006125835352577269,0.009782599983736873
430,0.000610515009611845,0.009578200057148933
431,0.0006084585329517722,0.009852199989836663
432,0.0006064076442271471,0.00981560000218451
433,0.000604368164204061,0.0096614999929443
434,0.000602345506194979,0.009716100001242012
435,0.0006003243033774197,0.010288399993441999
436,0.0005983219016343355,0.011415199958719313
437,0.0005963267176412046,0.013411000021733344
438,0.0005943439900875092,0.01138749998062849
439,0.0005923704011365771,0.012868200021330267
440,0.0005904168938286602,0.011034200026188046
441,0.0005884599522687495,0.01066739996895194
442,0.0005865202401764691,0.011907399981282651
443,0.0005845900159329176,0.011419799993745983
444,0.0005826685228385031,0.011247600021306425
445,0.0005807529087178409,0.01071349997073412
446,0.0005788586568087339,0.00964820000808686
447,0.0005769706331193447,0.010046899958979338
448,0.0005750910495407879,0.011051599984057248
449,0.0005732114659622312,0.011047500011045486
450,0.0005713618593290448,0.011263000022154301
451,0.0005695011932402849,0.011099299998022616
452,0.0005676646251231432,0.010760299977846444
453,0.0005658299196511507,0.01078910002252087
454,0.000564014189876616,0.012584100011736155
455,0.0005621922318823636,0.011511899996548891
456,0.0005603838944807649,0.0099398999591358
457,0.0005585990729741752,0.010385200032033026
458,0.0005568134947679937,0.009944699995685369
459,0.0005550436326302588,0.00982889998704195
460,0.0005532700452022254,0.009873300034087151
461,0.0005515103694051504,0.009864099964033812
462,0.0005497660604305565,0.00976380001520738
463,0.0005480253021232784,0.01079209998715669
464,0.0005462898407131433,0.009952899999916553
465,0.0005445702117867768,0.009635600028559566
466,0.0005428625154308975,0.009634199959691614
467,0.0005411527235992253,0.01002470002276823
468,0.0005394587060436606,0.009859599987976253
469,0.0005377758643589914,0.00960390002001077
470,0.0005360962240956724,0.01025859999936074
471,0.0005344248493202031,0.009782499982975423
472,0.0005327588878571987,0.009595700015779585
473,0.0005311050335876644,0.009754300001077354
474,0.000529454555362463,0.01046739995945245
475,0.0005278237513266504,0.011632999987341464
476,0.0005261964397504926,0.012399100000038743
477,0.0005245677893981338,0.009792799944989383
478,0.0005229567177593708,0.009958700044080615
479,0.0005213569384068251,0.009896099974866956
480,0.0005197541904635727,0.010094999975990504
481,0.0005181698361411691,0.010337599960621446
482,0.0005165874026715755,0.010238900023978204
483,0.0005150035722181201,0.00963629997568205
484,0.0005134477978572249,0.0097743000369519
485,0.0005118850967846811,0.009362699987832457
486,0.0005103357252664864,0.010937499988358468
487,0.0005087885074317455,0.010185300023294985
488,0.0005072572967037559,0.00984519999474287
489,0.0005057211965322495,0.00965269998414442
490,0.0005042006960138679,0.00981560000218451
491,0.0005026887520216405,0.009281900012865663
492,0.0005011825705878437,0.009824000007938594
493,0.0004996872157789767,0.00991350004915148
494,0.0004981917445547879,0.009299599973019212
495,0.0004967056447640061,0.011454000021331012
496,0.0004952286253683269,0.009827099973335862
497,0.0004937635967507958,0.010459900018759072
498,0.0004922911175526679,0.009802599961403757
499,0.0004908378468826413,0.009640300006140023
500,0.000489385100081563,0.009923200006596744
501,0.0004879374464508146,0.011020500038284808
502,0.0004865066148340702,0.010013799997977912
503,0.0004850720288231969,0.010017199965659529
504,0.00048364922986365855,0.010115500015672296
505,0.00048223359044641256,0.010898499982431531
506,0.0004808238591067493,0.010879999957978725
507,0.00047942050150595605,0.010137500008568168
508,0.00047802116023376584,0.009944099991116673
509,0.0004766341589856893,0.01036680000834167
510,0.0004752441309392452,0.009858399978838861
511,0.00047387045924551785,0.00969730003271252
512,0.0004725024045910686,0.009987999976146966
513,0.00047113694017753005,0.009733000013511628
514,0.0004697814292740077,0.010142599989194423
515,0.0004684306331910193,0.009828799986280501
516,0.0004670796333812177,0.009791899996344
517,0.0004657430399674922,0.009032999980263412
518,0.00046440056758001447,0.009614400041755289
519,0.0004630733747035265,0.01040069997543469
520,0.0004617594531737268,0.009941100026480854
521,0.00046044072951190174,0.009603399957995862
522,0.0004591244214680046,0.010361700027715415
523,0.0004578361695166677,0.01201280002715066
524,0.0004565318813547492,0.009867099986877292
525,0.0004552404279820621,0.00968229997670278
526,0.0004539494402706623,0.010170200024731457
527,0.00045266925008036196,0.009132999985013157
528,0.0004513940657489002,0.009289000008720905
529,0.0004501241783145815,0.010040999972261488
530,0.0004488661070354283,0.009840400016400963
531,0.00044760823948308825,0.009615399991162121
532,0.0004463557852432132,0.009925100021064281
533,0.0004451105196494609,0.00958600000012666
534,0.00044386068475432694,0.00981989997671917
535,0.00044263037852942944,0.009675699984654784
536,0.0004413994902279228,0.009244000015314668
537,0.0004401715414132923,0.010160300007555634
538,0.00043895753333345056,0.009642499964684248
539,0.000437740032793954,0.010098099999595433
540,0.00043653827742673457,0.010096799989696592
541,0.0004353306139819324,0.01005280000390485
542,0.00043413398088887334,0.009687700017821044
543,0.0004329444491304457,0.009951199986971915
544,0.00043175366590730846,0.009765100025106221
545,0.0004305689944885671,0.010238399961963296
546,0.00042938857222907245,0.009358900017105043
547,0.00042821859824471176,0.010881199967116117
548,0.0004270547942724079,0.01194320002105087
549,0.000425893027568236,0.011308000015560538
550,0.0004247305332683027,0.011051699984818697
551,0.0004235758096911013,0.010895600018557161
552,0.00042243889765813947,0.009533599950373173
553,0.00042130122892558575,0.010007100005168468
554,0.000420159543864429,0.010946299997158349
555,0.00041902693919837475,0.009739800007082522
556,0.000417900737375021,0.010297800006810576
557,0.00041677855188027024,0.0102335000410676
558,0.00041565505671314895,0.010364600049797446
559,0.00041454427991993725,0.011039100005291402
560,0.0004134295741096139,0.010888700024224818
561,0.0004123341350350529,0.009882499987725168
562,0.0004112306341994554,0.010879799956455827
563,0.0004101407539565116,0.011367500002961606
564,0.0004090458096470684,0.010129200003575534
565,0.0004079601785633713,0.009884400002192706
566,0.00040687862201593816,0.00989580003079027
567,0.0004058041959069669,0.011118599970359355
568,0.00040473381523042917,0.010538399976212531
569,0.00040366689790971577,0.009913599991705269
570,0.00040260530658997595,0.009439200046472251
571,0.00040153972804546356,0.010899499990046024
572,0.0004004896618425846,0.01172379998024553
573,0.0003994408471044153,0.011289299989584833
574,0.0003983950591646135,0.012847099977079779
575,0.00039735829341225326,0.010950999974738806
576,0.0003963205381296575,0.010828200029209256
577,0.0003952848492190242,0.011668400024063885
578,0.00039426065632142127,0.011266900051850826
579,0.0003932311665266752,0.010166500054765493
580,0.00039222242776304483,0.010724400053732097
581,0.0003911979729309678,0.011287600034847856
582,0.0003901841992046684,0.00955479999538511
583,0.0003891845990438014,0.010132500028703362
584,0.00038817236782051623,0.010769999993499368
585,0.00038717626011930406,0.011386500031221658
586,0.000386184110539034,0.011341000034008175
587,0.0003851916699204594,0.01241289998870343
588,0.0003842107253149152,0.011638700030744076
589,0.0003832309157587588,0.009863999963272363
590,0.00038224091986194253,0.010145500011276454
591,0.0003812647773884237,0.009898999996948987
592,0.0003802963765338063,0.009963500022422522
593,0.0003793338546529412,0.010246300022117794
594,0.0003783710999414325,0.009985100012272596
595,0.00037740671541541815,0.009949999977834523
596,0.00037645117845386267,0.00982729997485876
597,0.00037550152046605945,0.009621300036087632
598,0.00037455526762641966,0.009383999975398183
599,0.0003735997015610337,0.010447399981785566
600,0.0003726647119037807,0.010135999997146428
