device,batch_size,repeat,steps,seconds,images_per_second,milliseconds_per_step,peak_allocated_mib
cpu,1,1,10,0.17083280003862455,58.53676810155335,17.083280003862455,
cpu,1,2,10,0.14842540002427995,67.3739130793258,14.842540002427995,
cpu,1,3,10,0.19696589995874092,50.770209473288176,19.696589995874092,
cpu,1,4,10,0.1427411999902688,70.05685815084739,14.27411999902688,
cpu,1,5,10,0.15953499998431653,62.68217006288948,15.953499998431653,
cpu,16,1,10,0.38567570003215224,414.8563157768598,38.56757000321522,
cpu,16,2,10,0.35542209999402985,450.16896811618517,35.542209999402985,
cpu,16,3,10,0.41372080001747236,386.73424201355806,41.372080001747236,
cpu,16,4,10,0.39732180000282824,402.69625275749047,39.732180000282824,
cpu,16,5,10,0.34970220003742725,457.5321515932008,34.970220003742725,
cpu,64,1,10,1.3671106999972835,468.14058291056585,136.71106999972835,
cpu,64,2,10,1.210802000015974,528.5752748934644,121.0802000015974,
cpu,64,3,10,1.2461328000063077,513.5889208571996,124.61328000063077,
cpu,64,4,10,1.273531200014986,502.5397100538007,127.35312000149861,
cpu,64,5,10,1.2177830000291578,525.5451915363216,121.77830000291578,
cpu,256,1,10,4.953345299989451,516.8224391716548,495.3345299989451,
cpu,256,2,10,5.011611099995207,510.81377802887545,501.1611099995207,
cpu,256,3,10,6.041465400019661,423.7382539659449,604.1465400019661,
cpu,256,4,10,4.913259499997366,521.0390373236692,491.3259499997366,
cpu,256,5,10,5.090155799989589,502.9315605634775,509.01557999895886,
cuda,1,1,10,0.09962380002252758,100.37762058603201,9.962380002252758,26.251953125
cuda,1,2,10,0.09441049996530637,105.92042202588445,9.441049996530637,26.251953125
cuda,1,3,10,0.10111849999520928,98.89387204590429,10.111849999520928,26.251953125
cuda,1,4,10,0.10382939997361973,96.31183463008293,10.382939997361973,26.251953125
cuda,1,5,10,0.11005100002512336,90.86696166065839,11.005100002512336,26.251953125
cuda,16,1,10,0.10448919999180362,1531.258733080077,10.448919999180362,46.43798828125
cuda,16,2,10,0.11712829995667562,1366.0234124390272,11.712829995667562,46.43798828125
cuda,16,3,10,0.12184549996163696,1313.1383600574168,12.184549996163696,46.43798828125
cuda,16,4,10,0.11619870003778487,1376.9517210431102,11.619870003778487,46.43798828125
cuda,16,5,10,0.10099619999527931,1584.2180201579722,10.099619999527931,46.43798828125
cuda,64,1,10,0.14488440001150593,4417.314769217215,14.488440001150593,124.98046875
cuda,64,2,10,0.14505429996643215,4412.140833798833,14.505429996643215,124.98046875
cuda,64,3,10,0.14464159996714443,4424.72981594076,14.464159996714443,124.98046875
cuda,64,4,10,0.14544589997967705,4400.261541160158,14.544589997967705,124.98046875
cuda,64,5,10,0.14487329998519272,4417.65321881543,14.487329998519272,124.98046875
cuda,256,1,10,0.5729480000445619,4468.119270511272,57.29480000445619,413.21875
cuda,256,2,10,0.575141999986954,4451.074691220722,57.5141999986954,413.21875
cuda,256,3,10,0.5745807000203058,4455.422884739305,57.45807000203058,413.21875
cuda,256,4,10,0.5746691999956965,4454.736742493195,57.466919999569654,413.21875
cuda,256,5,10,0.5753595000132918,4449.392075634207,57.535950001329184,413.21875
